elements,Q1_delta_time_seg,Q2_delta_time_seg,Q3_delta_time_seg,Q4_delta_time_seg
50000.0,0.0677,15.351222,1.066817,7.800106
250000.0,0.013002,23.949527,0.881751,7.956429
500000.0,0.010995,30.055681,1.008468,8.378793
1000000.0,0.011002,31.07324,0.927235,8.034584
5000000.0,0.010017,36.973381,1.00472,10.692471
