elements,Q1_delta_time_seg,Q2_delta_time_seg,Q3_delta_time_seg,Q4_delta_time_seg
50000.0,0.033353,0.022999,0.502146,0.028001
250000.0,0.036598,0.021998,0.63966,0.013734
500000.0,0.075981,0.022996,1.429181,0.027963
1000000.0,0.053015,0.032986,2.954163,0.027038
5000000.0,0.085023,0.036953,16.448291,0.05903
